Produto,receita,unidades,preco_medio,share_receita_%
"EliteBook x360 1040 G11 (Intel i7, 32GB, 1TB SSD)",362957000.0,38206,9500.0,44.87420813293637
"EliteBook 840 G8 (Intel i5, 16GB, 512GB SSD)",208494000.0,30888,6750.0,25.77716685576648
"EliteBook 840 G6 (Intel i5, 8GB, 256GB SSD)",160586400.0,30882,5200.0,19.854108164104765
"EliteBook 640 G9 (Intel i7, 16GB, 512GB SSD)",76794700.0,33389,2300.0,9.49451684719239
