Canal,receita,unidades,share_receita_%
Site,429322950.0,71158,53.079365915373536
Marketplace,379509150.0,62207,46.920634084626464
