faixa,unidades,participacao_%
Faixa Et치ria 25 a 40 anos,40019,30.000824630977636
Faixa Et치ria 30 a 45 anos,46687,34.99958768451118
Faixa Et치ria 30+ anos,26665,19.9898045624583
Faixa Et치ria 35+ anos,20022,15.00978312205288
